,data_type,model_type,r^2,times_better_than_random,nutrient,leverage,feature,importance
0,lake,MLP,0.7147694747487117,3.887586157812286,doc,non_leverage,ag,
1,lake,MLP,0.2372306244078595,1.7118218560127256,no3,non_leverage,ag,
2,lake,MLP,0.5361912065904051,3.1008118541899727,tn,non_leverage,ag,
3,lake,MLP,0.40038754349503575,2.438421841572056,tp,non_leverage,ag,
4,lake,GBR,0.6029348400792531,2.8001167399317612,doc,non_leverage,ag,0.032856578068574116
5,lake,GBR,0.2284537610601424,0.8561190998661943,no3,non_leverage,ag,0.2218189851659733
6,lake,GBR,0.6521096056757774,2.8154485233275985,tn,non_leverage,ag,0.1182084024062319
7,lake,GBR,0.8180891944212478,2.732244090322317,tp,non_leverage,ag,0.043370720789683896
8,lake,RFR,0.8726545267115204,9.397501601728598,doc,non_leverage,ag,0.1224383569143272
9,lake,RFR,0.5637174479545304,4.506543837988065,no3,non_leverage,ag,0.2780136503471985
10,lake,RFR,0.777126487736277,6.7161860494785675,tn,non_leverage,ag,0.07784679332911745
11,lake,RFR,0.8963707622532084,8.14190974943429,tp,non_leverage,ag,0.09491116179110916
12,lake,DTR,0.8225115684387735,8.97228661630467,doc,non_leverage,ag,0.01374763651538524
13,lake,DTR,0.2606430949512032,3.831092392042881,no3,non_leverage,ag,0.25683314283659303
14,lake,DTR,0.4928275306015714,5.307827677707337,tn,non_leverage,ag,0.04395389556874433
15,lake,DTR,0.8699218033530913,9.226290643742592,tp,non_leverage,ag,0.0068583459985413755
16,stream,MLP,8.425742462769836e-05,0.09487907750925313,doc,non_leverage,ag,
17,stream,MLP,0.0006129085632139429,0.00933183662118866,no3,non_leverage,ag,
18,stream,MLP,0.0002562353216516433,0.019938867100255445,tn,non_leverage,ag,
19,stream,MLP,0.03321893428704037,3.429381249638098,tp,non_leverage,ag,
20,stream,GBR,0.4127291070205592,1.5987124204652117,doc,non_leverage,ag,0.07102527171723227
21,stream,GBR,0.18651988757330207,1.3100906606295757,no3,non_leverage,ag,0.051316342993700435
22,stream,GBR,0.4437162000309931,1.5013139413579482,tn,non_leverage,ag,0.13939381528364828
23,stream,GBR,0.057297518316711475,0.8470468816174279,tp,non_leverage,ag,0.05790506954293503
24,stream,RFR,0.5812215222602932,4.23532627030197,doc,non_leverage,ag,0.0854487612807408
25,stream,RFR,0.275375878462002,4.108131064644389,no3,non_leverage,ag,0.15998535027772784
26,stream,RFR,0.584564734648005,4.7203594538043685,tn,non_leverage,ag,0.2535965595000275
27,stream,RFR,0.14563853768607815,5.015574939088227,tp,non_leverage,ag,0.055957002393594274
28,stream,DTR,0.4517594855422482,3.7724312111766762,doc,non_leverage,ag,0.043279405687051034
29,stream,DTR,0.2112925304375587,3.8508357963462965,no3,non_leverage,ag,0.12592776982625434
30,stream,DTR,0.3906270363751203,3.7822183399794604,tn,non_leverage,ag,0.07282228548256736
31,stream,DTR,0.04674454412130991,4.1295333107047085,tp,non_leverage,ag,0.1282033141290604
32,stream,MLP,0.1383251326493703,2.997553253265397,doc,leverage,ag,
33,stream,MLP,0.09843985156830648,4.722925446279176,no3,leverage,ag,
34,stream,MLP,0.11828771204346088,2.3701573793799917,tn,leverage,ag,
35,stream,MLP,0.002184678320796052,5.1000423474085945,tp,leverage,ag,
36,stream,GBR,0.1591870762007922,1.4926771357072772,doc,leverage,ag,0.04552465505779347
37,stream,GBR,0.039194489017014944,1.8068184487084236,no3,leverage,ag,0.245091996749722
38,stream,GBR,0.09560134696752408,1.4393826199268798,tn,leverage,ag,0.07370286629361761
39,stream,GBR,0.033148970773321566,1.3115957929869753,tp,leverage,ag,0.0367633227688483
40,stream,RFR,0.21259753163307185,5.207999011285195,doc,leverage,ag,0.1450409078541097
41,stream,RFR,0.1123693461491584,10.08860479436984,no3,leverage,ag,0.17692318561344975
42,stream,RFR,0.43452627197965704,10.3699048325758,tn,leverage,ag,0.11871338010788765
43,stream,RFR,0.10819624961127716,9.131071267406751,tp,leverage,ag,0.05784737562136099
44,stream,DTR,0.4596764865533909,7.441046229100187,doc,leverage,ag,0.04051359928877929
45,stream,DTR,0.044488453170611016,8.620387918387657,no3,leverage,ag,0.3079584195391399
46,stream,DTR,0.16057418753935007,8.798874681597974,tn,leverage,ag,0.2198614459964659
47,stream,DTR,0.07480883250393999,10.688852232074632,tp,leverage,ag,0.0327157272617038
48,lake,MLP,0.10096029491284643,2.3455509843152966,doc,leverage,ag,
49,lake,MLP,0.16499519685748898,3.28126037747711,no3,leverage,ag,
50,lake,MLP,0.23774500444157476,2.417766318898051,tn,leverage,ag,
51,lake,MLP,0.7894979365942154,2.7952037208025686,tp,leverage,ag,
52,lake,GBR,0.07273398172943403,0.911907409243538,doc,leverage,ag,0.059608133239321175
53,lake,GBR,0.3413360669825719,1.5824595874906129,no3,leverage,ag,0.17192485918812772
54,lake,GBR,0.4242830364206906,1.928129986083449,tn,leverage,ag,0.16408878224261506
55,lake,GBR,0.9145469034696276,4.594181149121052,tp,leverage,ag,0.029129469773445518
56,lake,RFR,0.30510342971992344,6.4246317671914825,doc,leverage,ag,0.053816972518177714
57,lake,RFR,0.5804064271241041,13.403264621582432,no3,leverage,ag,0.1351755755265031
58,lake,RFR,0.5185615031152988,9.660285089441627,tn,leverage,ag,0.1241562628149825
59,lake,RFR,0.9637725050867276,36.388539369550216,tp,leverage,ag,0.03646531812603217
60,lake,DTR,0.3049620078308919,5.870332921037273,doc,leverage,ag,0.21645794762078288
61,lake,DTR,0.5326869074304269,13.655781696913193,no3,leverage,ag,0.08097547819305141
62,lake,DTR,0.5659804654319438,10.281163270023512,tn,leverage,ag,0.02066152925685644
63,lake,DTR,0.8673048927183769,27.93950027251591,tp,leverage,ag,0.01074600800479482
64,lake,MLP,0.7147694747487117,3.887586157812286,doc,non_leverage,area,
65,lake,MLP,0.2372306244078595,1.7118218560127256,no3,non_leverage,area,
66,lake,MLP,0.5361912065904051,3.1008118541899727,tn,non_leverage,area,
67,lake,MLP,0.40038754349503575,2.438421841572056,tp,non_leverage,area,
68,lake,GBR,0.6029348400792531,2.8001167399317612,doc,non_leverage,area,0.08404700784446567
69,lake,GBR,0.2284537610601424,0.8561190998661943,no3,non_leverage,area,0.06976222610546154
70,lake,GBR,0.6521096056757774,2.8154485233275985,tn,non_leverage,area,0.04226694023296753
71,lake,GBR,0.8180891944212478,2.732244090322317,tp,non_leverage,area,0.03587418523650554
72,lake,RFR,0.8726545267115204,9.397501601728598,doc,non_leverage,area,0.1217964325936336
73,lake,RFR,0.5637174479545304,4.506543837988065,no3,non_leverage,area,0.08113427819748067
74,lake,RFR,0.777126487736277,6.7161860494785675,tn,non_leverage,area,0.10103603003773624
75,lake,RFR,0.8963707622532084,8.14190974943429,tp,non_leverage,area,0.04637354371333762
76,lake,DTR,0.8225115684387735,8.97228661630467,doc,non_leverage,area,0.01826627459709105
77,lake,DTR,0.2606430949512032,3.831092392042881,no3,non_leverage,area,0.045841967479220855
78,lake,DTR,0.4928275306015714,5.307827677707337,tn,non_leverage,area,0.022989757979534668
79,lake,DTR,0.8699218033530913,9.226290643742592,tp,non_leverage,area,0.03432705510001155
80,stream,MLP,8.425742462769836e-05,0.09487907750925313,doc,non_leverage,area,
81,stream,MLP,0.0006129085632139429,0.00933183662118866,no3,non_leverage,area,
82,stream,MLP,0.0002562353216516433,0.019938867100255445,tn,non_leverage,area,
83,stream,MLP,0.03321893428704037,3.429381249638098,tp,non_leverage,area,
84,stream,GBR,0.4127291070205592,1.5987124204652117,doc,non_leverage,area,0.0396931273992842
85,stream,GBR,0.18651988757330207,1.3100906606295757,no3,non_leverage,area,0.05222085934782512
86,stream,GBR,0.4437162000309931,1.5013139413579482,tn,non_leverage,area,0.09232374770668796
87,stream,GBR,0.057297518316711475,0.8470468816174279,tp,non_leverage,area,0.23876044873962024
88,stream,RFR,0.5812215222602932,4.23532627030197,doc,non_leverage,area,0.08683446702789192
89,stream,RFR,0.275375878462002,4.108131064644389,no3,non_leverage,area,0.046932309106870414
90,stream,RFR,0.584564734648005,4.7203594538043685,tn,non_leverage,area,0.07481873386214591
91,stream,RFR,0.14563853768607815,5.015574939088227,tp,non_leverage,area,0.2498462895540887
92,stream,DTR,0.4517594855422482,3.7724312111766762,doc,non_leverage,area,0.05127175498289187
93,stream,DTR,0.2112925304375587,3.8508357963462965,no3,non_leverage,area,0.018204495059207047
94,stream,DTR,0.3906270363751203,3.7822183399794604,tn,non_leverage,area,0.23151629925576755
95,stream,DTR,0.04674454412130991,4.1295333107047085,tp,non_leverage,area,0.10533012883398828
96,stream,MLP,0.1383251326493703,2.997553253265397,doc,leverage,area,
97,stream,MLP,0.09843985156830648,4.722925446279176,no3,leverage,area,
98,stream,MLP,0.11828771204346088,2.3701573793799917,tn,leverage,area,
99,stream,MLP,0.002184678320796052,5.1000423474085945,tp,leverage,area,
100,stream,GBR,0.1591870762007922,1.4926771357072772,doc,leverage,area,
101,stream,GBR,0.039194489017014944,1.8068184487084236,no3,leverage,area,
102,stream,GBR,0.09560134696752408,1.4393826199268798,tn,leverage,area,
103,stream,GBR,0.033148970773321566,1.3115957929869753,tp,leverage,area,
104,stream,RFR,0.21259753163307185,5.207999011285195,doc,leverage,area,
105,stream,RFR,0.1123693461491584,10.08860479436984,no3,leverage,area,
106,stream,RFR,0.43452627197965704,10.3699048325758,tn,leverage,area,
107,stream,RFR,0.10819624961127716,9.131071267406751,tp,leverage,area,
108,stream,DTR,0.4596764865533909,7.441046229100187,doc,leverage,area,
109,stream,DTR,0.044488453170611016,8.620387918387657,no3,leverage,area,
110,stream,DTR,0.16057418753935007,8.798874681597974,tn,leverage,area,
111,stream,DTR,0.07480883250393999,10.688852232074632,tp,leverage,area,
112,lake,MLP,0.10096029491284643,2.3455509843152966,doc,leverage,area,
113,lake,MLP,0.16499519685748898,3.28126037747711,no3,leverage,area,
114,lake,MLP,0.23774500444157476,2.417766318898051,tn,leverage,area,
115,lake,MLP,0.7894979365942154,2.7952037208025686,tp,leverage,area,
116,lake,GBR,0.07273398172943403,0.911907409243538,doc,leverage,area,
117,lake,GBR,0.3413360669825719,1.5824595874906129,no3,leverage,area,
118,lake,GBR,0.4242830364206906,1.928129986083449,tn,leverage,area,
119,lake,GBR,0.9145469034696276,4.594181149121052,tp,leverage,area,
120,lake,RFR,0.30510342971992344,6.4246317671914825,doc,leverage,area,
121,lake,RFR,0.5804064271241041,13.403264621582432,no3,leverage,area,
122,lake,RFR,0.5185615031152988,9.660285089441627,tn,leverage,area,
123,lake,RFR,0.9637725050867276,36.388539369550216,tp,leverage,area,
124,lake,DTR,0.3049620078308919,5.870332921037273,doc,leverage,area,
125,lake,DTR,0.5326869074304269,13.655781696913193,no3,leverage,area,
126,lake,DTR,0.5659804654319438,10.281163270023512,tn,leverage,area,
127,lake,DTR,0.8673048927183769,27.93950027251591,tp,leverage,area,
128,lake,MLP,0.7147694747487117,3.887586157812286,doc,non_leverage,ecoreg,
129,lake,MLP,0.2372306244078595,1.7118218560127256,no3,non_leverage,ecoreg,
130,lake,MLP,0.5361912065904051,3.1008118541899727,tn,non_leverage,ecoreg,
131,lake,MLP,0.40038754349503575,2.438421841572056,tp,non_leverage,ecoreg,
132,lake,GBR,0.6029348400792531,2.8001167399317612,doc,non_leverage,ecoreg,7.743806945881815e-05
133,lake,GBR,0.2284537610601424,0.8561190998661943,no3,non_leverage,ecoreg,0.034347684821364924
134,lake,GBR,0.6521096056757774,2.8154485233275985,tn,non_leverage,ecoreg,3.451215405691273e-06
135,lake,GBR,0.8180891944212478,2.732244090322317,tp,non_leverage,ecoreg,0.0007019456980900253
136,lake,RFR,0.8726545267115204,9.397501601728598,doc,non_leverage,ecoreg,0.0013359283474629494
137,lake,RFR,0.5637174479545304,4.506543837988065,no3,non_leverage,ecoreg,0.014071920334914823
138,lake,RFR,0.777126487736277,6.7161860494785675,tn,non_leverage,ecoreg,0.0008748389480492222
139,lake,RFR,0.8963707622532084,8.14190974943429,tp,non_leverage,ecoreg,0.0071181297026465685
140,lake,DTR,0.8225115684387735,8.97228661630467,doc,non_leverage,ecoreg,0.0002968373314510344
141,lake,DTR,0.2606430949512032,3.831092392042881,no3,non_leverage,ecoreg,0.00912063165668019
142,lake,DTR,0.4928275306015714,5.307827677707337,tn,non_leverage,ecoreg,0.004260272558397674
143,lake,DTR,0.8699218033530913,9.226290643742592,tp,non_leverage,ecoreg,0.00023263511376323277
144,stream,MLP,8.425742462769836e-05,0.09487907750925313,doc,non_leverage,ecoreg,
145,stream,MLP,0.0006129085632139429,0.00933183662118866,no3,non_leverage,ecoreg,
146,stream,MLP,0.0002562353216516433,0.019938867100255445,tn,non_leverage,ecoreg,
147,stream,MLP,0.03321893428704037,3.429381249638098,tp,non_leverage,ecoreg,
148,stream,GBR,0.4127291070205592,1.5987124204652117,doc,non_leverage,ecoreg,0.0017794529750504921
149,stream,GBR,0.18651988757330207,1.3100906606295757,no3,non_leverage,ecoreg,0.0009325710616795713
150,stream,GBR,0.4437162000309931,1.5013139413579482,tn,non_leverage,ecoreg,0.01256428367851518
151,stream,GBR,0.057297518316711475,0.8470468816174279,tp,non_leverage,ecoreg,0.10880988624309204
152,stream,RFR,0.5812215222602932,4.23532627030197,doc,non_leverage,ecoreg,0.008249851770324999
153,stream,RFR,0.275375878462002,4.108131064644389,no3,non_leverage,ecoreg,0.00489825810867019
154,stream,RFR,0.584564734648005,4.7203594538043685,tn,non_leverage,ecoreg,0.0189632630411002
155,stream,RFR,0.14563853768607815,5.015574939088227,tp,non_leverage,ecoreg,0.11607781997479485
156,stream,DTR,0.4517594855422482,3.7724312111766762,doc,non_leverage,ecoreg,0.004750071723889282
157,stream,DTR,0.2112925304375587,3.8508357963462965,no3,non_leverage,ecoreg,0.03046201669612192
158,stream,DTR,0.3906270363751203,3.7822183399794604,tn,non_leverage,ecoreg,0.0011350383073880912
159,stream,DTR,0.04674454412130991,4.1295333107047085,tp,non_leverage,ecoreg,0.16050498758434764
160,stream,MLP,0.1383251326493703,2.997553253265397,doc,leverage,ecoreg,
161,stream,MLP,0.09843985156830648,4.722925446279176,no3,leverage,ecoreg,
162,stream,MLP,0.11828771204346088,2.3701573793799917,tn,leverage,ecoreg,
163,stream,MLP,0.002184678320796052,5.1000423474085945,tp,leverage,ecoreg,
164,stream,GBR,0.1591870762007922,1.4926771357072772,doc,leverage,ecoreg,0.011573279983636777
165,stream,GBR,0.039194489017014944,1.8068184487084236,no3,leverage,ecoreg,0.3219522553535464
166,stream,GBR,0.09560134696752408,1.4393826199268798,tn,leverage,ecoreg,0.12709482812918302
167,stream,GBR,0.033148970773321566,1.3115957929869753,tp,leverage,ecoreg,0.027887108853623617
168,stream,RFR,0.21259753163307185,5.207999011285195,doc,leverage,ecoreg,0.011461626262705213
169,stream,RFR,0.1123693461491584,10.08860479436984,no3,leverage,ecoreg,0.2642324670949737
170,stream,RFR,0.43452627197965704,10.3699048325758,tn,leverage,ecoreg,0.12693383534730174
171,stream,RFR,0.10819624961127716,9.131071267406751,tp,leverage,ecoreg,0.025823845693245803
172,stream,DTR,0.4596764865533909,7.441046229100187,doc,leverage,ecoreg,0.00234505877788555
173,stream,DTR,0.044488453170611016,8.620387918387657,no3,leverage,ecoreg,0.3205335398159936
174,stream,DTR,0.16057418753935007,8.798874681597974,tn,leverage,ecoreg,0.09493163156905272
175,stream,DTR,0.07480883250393999,10.688852232074632,tp,leverage,ecoreg,0.015425070899058303
176,lake,MLP,0.10096029491284643,2.3455509843152966,doc,leverage,ecoreg,
177,lake,MLP,0.16499519685748898,3.28126037747711,no3,leverage,ecoreg,
178,lake,MLP,0.23774500444157476,2.417766318898051,tn,leverage,ecoreg,
179,lake,MLP,0.7894979365942154,2.7952037208025686,tp,leverage,ecoreg,
180,lake,GBR,0.07273398172943403,0.911907409243538,doc,leverage,ecoreg,0.04080731677493126
181,lake,GBR,0.3413360669825719,1.5824595874906129,no3,leverage,ecoreg,0.0003839049436094208
182,lake,GBR,0.4242830364206906,1.928129986083449,tn,leverage,ecoreg,0.013646674845784905
183,lake,GBR,0.9145469034696276,4.594181149121052,tp,leverage,ecoreg,0.02577852183148943
184,lake,RFR,0.30510342971992344,6.4246317671914825,doc,leverage,ecoreg,0.06256383649177888
185,lake,RFR,0.5804064271241041,13.403264621582432,no3,leverage,ecoreg,0.0024293378955201786
186,lake,RFR,0.5185615031152988,9.660285089441627,tn,leverage,ecoreg,0.07301872203509803
187,lake,RFR,0.9637725050867276,36.388539369550216,tp,leverage,ecoreg,0.04585026404911837
188,lake,DTR,0.3049620078308919,5.870332921037273,doc,leverage,ecoreg,0.048091917530198015
189,lake,DTR,0.5326869074304269,13.655781696913193,no3,leverage,ecoreg,0.00013662227467303164
190,lake,DTR,0.5659804654319438,10.281163270023512,tn,leverage,ecoreg,0.034670578024996256
191,lake,DTR,0.8673048927183769,27.93950027251591,tp,leverage,ecoreg,0.05560847678770532
192,lake,MLP,0.7147694747487117,3.887586157812286,doc,non_leverage,elev,
193,lake,MLP,0.2372306244078595,1.7118218560127256,no3,non_leverage,elev,
194,lake,MLP,0.5361912065904051,3.1008118541899727,tn,non_leverage,elev,
195,lake,MLP,0.40038754349503575,2.438421841572056,tp,non_leverage,elev,
196,lake,GBR,0.6029348400792531,2.8001167399317612,doc,non_leverage,elev,0.23580103803012764
197,lake,GBR,0.2284537610601424,0.8561190998661943,no3,non_leverage,elev,0.19075827627869515
198,lake,GBR,0.6521096056757774,2.8154485233275985,tn,non_leverage,elev,0.1875242657377176
199,lake,GBR,0.8180891944212478,2.732244090322317,tp,non_leverage,elev,0.12541515369368544
200,lake,RFR,0.8726545267115204,9.397501601728598,doc,non_leverage,elev,0.14980058035286886
201,lake,RFR,0.5637174479545304,4.506543837988065,no3,non_leverage,elev,0.15878154435555505
202,lake,RFR,0.777126487736277,6.7161860494785675,tn,non_leverage,elev,0.06089021693029036
203,lake,RFR,0.8963707622532084,8.14190974943429,tp,non_leverage,elev,0.11187585767447612
204,lake,DTR,0.8225115684387735,8.97228661630467,doc,non_leverage,elev,0.013419638772024874
205,lake,DTR,0.2606430949512032,3.831092392042881,no3,non_leverage,elev,0.033441907522638065
206,lake,DTR,0.4928275306015714,5.307827677707337,tn,non_leverage,elev,0.21573116943283285
207,lake,DTR,0.8699218033530913,9.226290643742592,tp,non_leverage,elev,0.26971421264113155
208,stream,MLP,8.425742462769836e-05,0.09487907750925313,doc,non_leverage,elev,
209,stream,MLP,0.0006129085632139429,0.00933183662118866,no3,non_leverage,elev,
210,stream,MLP,0.0002562353216516433,0.019938867100255445,tn,non_leverage,elev,
211,stream,MLP,0.03321893428704037,3.429381249638098,tp,non_leverage,elev,
212,stream,GBR,0.4127291070205592,1.5987124204652117,doc,non_leverage,elev,0.046863601778602194
213,stream,GBR,0.18651988757330207,1.3100906606295757,no3,non_leverage,elev,0.15913149539977053
214,stream,GBR,0.4437162000309931,1.5013139413579482,tn,non_leverage,elev,0.1880134505009001
215,stream,GBR,0.057297518316711475,0.8470468816174279,tp,non_leverage,elev,0.17012940038921984
216,stream,RFR,0.5812215222602932,4.23532627030197,doc,non_leverage,elev,0.08931981668327495
217,stream,RFR,0.275375878462002,4.108131064644389,no3,non_leverage,elev,0.10031745727462914
218,stream,RFR,0.584564734648005,4.7203594538043685,tn,non_leverage,elev,0.21128307714281752
219,stream,RFR,0.14563853768607815,5.015574939088227,tp,non_leverage,elev,0.12514561920332282
220,stream,DTR,0.4517594855422482,3.7724312111766762,doc,non_leverage,elev,0.04326853843962207
221,stream,DTR,0.2112925304375587,3.8508357963462965,no3,non_leverage,elev,0.10289296838306083
222,stream,DTR,0.3906270363751203,3.7822183399794604,tn,non_leverage,elev,0.2437137325329788
223,stream,DTR,0.04674454412130991,4.1295333107047085,tp,non_leverage,elev,0.015675474275837663
224,stream,MLP,0.1383251326493703,2.997553253265397,doc,leverage,elev,
225,stream,MLP,0.09843985156830648,4.722925446279176,no3,leverage,elev,
226,stream,MLP,0.11828771204346088,2.3701573793799917,tn,leverage,elev,
227,stream,MLP,0.002184678320796052,5.1000423474085945,tp,leverage,elev,
228,stream,GBR,0.1591870762007922,1.4926771357072772,doc,leverage,elev,0.029783973224285963
229,stream,GBR,0.039194489017014944,1.8068184487084236,no3,leverage,elev,0.05639718945640389
230,stream,GBR,0.09560134696752408,1.4393826199268798,tn,leverage,elev,0.19339196239891074
231,stream,GBR,0.033148970773321566,1.3115957929869753,tp,leverage,elev,0.16815179796215154
232,stream,RFR,0.21259753163307185,5.207999011285195,doc,leverage,elev,0.03644790850208022
233,stream,RFR,0.1123693461491584,10.08860479436984,no3,leverage,elev,0.06596002253725756
234,stream,RFR,0.43452627197965704,10.3699048325758,tn,leverage,elev,0.1431969685204553
235,stream,RFR,0.10819624961127716,9.131071267406751,tp,leverage,elev,0.09746438684202093
236,stream,DTR,0.4596764865533909,7.441046229100187,doc,leverage,elev,0.01897188287054233
237,stream,DTR,0.044488453170611016,8.620387918387657,no3,leverage,elev,0.04935894371991647
238,stream,DTR,0.16057418753935007,8.798874681597974,tn,leverage,elev,0.22790954449586515
239,stream,DTR,0.07480883250393999,10.688852232074632,tp,leverage,elev,0.18671728473054705
240,lake,MLP,0.10096029491284643,2.3455509843152966,doc,leverage,elev,
241,lake,MLP,0.16499519685748898,3.28126037747711,no3,leverage,elev,
242,lake,MLP,0.23774500444157476,2.417766318898051,tn,leverage,elev,
243,lake,MLP,0.7894979365942154,2.7952037208025686,tp,leverage,elev,
244,lake,GBR,0.07273398172943403,0.911907409243538,doc,leverage,elev,0.17567954841891326
245,lake,GBR,0.3413360669825719,1.5824595874906129,no3,leverage,elev,0.04019089243569021
246,lake,GBR,0.4242830364206906,1.928129986083449,tn,leverage,elev,0.05131004831638454
247,lake,GBR,0.9145469034696276,4.594181149121052,tp,leverage,elev,0.015081989918960316
248,lake,RFR,0.30510342971992344,6.4246317671914825,doc,leverage,elev,0.26848658149206195
249,lake,RFR,0.5804064271241041,13.403264621582432,no3,leverage,elev,0.07818594413660228
250,lake,RFR,0.5185615031152988,9.660285089441627,tn,leverage,elev,0.09456924607388878
251,lake,RFR,0.9637725050867276,36.388539369550216,tp,leverage,elev,0.02084925025266981
252,lake,DTR,0.3049620078308919,5.870332921037273,doc,leverage,elev,0.05658393928214243
253,lake,DTR,0.5326869074304269,13.655781696913193,no3,leverage,elev,0.00651573085988106
254,lake,DTR,0.5659804654319438,10.281163270023512,tn,leverage,elev,0.0837817255357671
255,lake,DTR,0.8673048927183769,27.93950027251591,tp,leverage,elev,0.02081224835623396
256,lake,MLP,0.7147694747487117,3.887586157812286,doc,non_leverage,era,
257,lake,MLP,0.2372306244078595,1.7118218560127256,no3,non_leverage,era,
258,lake,MLP,0.5361912065904051,3.1008118541899727,tn,non_leverage,era,
259,lake,MLP,0.40038754349503575,2.438421841572056,tp,non_leverage,era,
260,lake,GBR,0.6029348400792531,2.8001167399317612,doc,non_leverage,era,0.00515540222574876
261,lake,GBR,0.2284537610601424,0.8561190998661943,no3,non_leverage,era,0.032113350129412806
262,lake,GBR,0.6521096056757774,2.8154485233275985,tn,non_leverage,era,0.007922524857241401
263,lake,GBR,0.8180891944212478,2.732244090322317,tp,non_leverage,era,0.005719687830725697
264,lake,RFR,0.8726545267115204,9.397501601728598,doc,non_leverage,era,0.003499252373197849
265,lake,RFR,0.5637174479545304,4.506543837988065,no3,non_leverage,era,0.007063559139030598
266,lake,RFR,0.777126487736277,6.7161860494785675,tn,non_leverage,era,0.002145111957567296
267,lake,RFR,0.8963707622532084,8.14190974943429,tp,non_leverage,era,0.0030843546686554393
268,lake,DTR,0.8225115684387735,8.97228661630467,doc,non_leverage,era,0.0007392349357904219
269,lake,DTR,0.2606430949512032,3.831092392042881,no3,non_leverage,era,0.0542526325064542
270,lake,DTR,0.4928275306015714,5.307827677707337,tn,non_leverage,era,0.00015030809290432482
271,lake,DTR,0.8699218033530913,9.226290643742592,tp,non_leverage,era,0.001041710243239317
272,stream,MLP,8.425742462769836e-05,0.09487907750925313,doc,non_leverage,era,
273,stream,MLP,0.0006129085632139429,0.00933183662118866,no3,non_leverage,era,
274,stream,MLP,0.0002562353216516433,0.019938867100255445,tn,non_leverage,era,
275,stream,MLP,0.03321893428704037,3.429381249638098,tp,non_leverage,era,
276,stream,GBR,0.4127291070205592,1.5987124204652117,doc,non_leverage,era,0.0005392325621946258
277,stream,GBR,0.18651988757330207,1.3100906606295757,no3,non_leverage,era,0.010389971962909136
278,stream,GBR,0.4437162000309931,1.5013139413579482,tn,non_leverage,era,0.0005567849110491835
279,stream,GBR,0.057297518316711475,0.8470468816174279,tp,non_leverage,era,0.0011972631798559555
280,stream,RFR,0.5812215222602932,4.23532627030197,doc,non_leverage,era,0.0021188713888656827
281,stream,RFR,0.275375878462002,4.108131064644389,no3,non_leverage,era,0.0014878427675722374
282,stream,RFR,0.584564734648005,4.7203594538043685,tn,non_leverage,era,0.00419482888547476
283,stream,RFR,0.14563853768607815,5.015574939088227,tp,non_leverage,era,0.0016155335053477215
284,stream,DTR,0.4517594855422482,3.7724312111766762,doc,non_leverage,era,0.003003506337548065
285,stream,DTR,0.2112925304375587,3.8508357963462965,no3,non_leverage,era,0.009022816993970548
286,stream,DTR,0.3906270363751203,3.7822183399794604,tn,non_leverage,era,0.0001809824348455243
287,stream,DTR,0.04674454412130991,4.1295333107047085,tp,non_leverage,era,3.2590262465947635e-05
288,stream,MLP,0.1383251326493703,2.997553253265397,doc,leverage,era,
289,stream,MLP,0.09843985156830648,4.722925446279176,no3,leverage,era,
290,stream,MLP,0.11828771204346088,2.3701573793799917,tn,leverage,era,
291,stream,MLP,0.002184678320796052,5.1000423474085945,tp,leverage,era,
292,stream,GBR,0.1591870762007922,1.4926771357072772,doc,leverage,era,0.00783869455498883
293,stream,GBR,0.039194489017014944,1.8068184487084236,no3,leverage,era,0.016542000160824036
294,stream,GBR,0.09560134696752408,1.4393826199268798,tn,leverage,era,0.035150420540788464
295,stream,GBR,0.033148970773321566,1.3115957929869753,tp,leverage,era,0.0009369227394789038
296,stream,RFR,0.21259753163307185,5.207999011285195,doc,leverage,era,0.002668324392599465
297,stream,RFR,0.1123693461491584,10.08860479436984,no3,leverage,era,0.0006123276349232258
298,stream,RFR,0.43452627197965704,10.3699048325758,tn,leverage,era,0.00627678147228481
299,stream,RFR,0.10819624961127716,9.131071267406751,tp,leverage,era,0.0001615046840696443
300,stream,DTR,0.4596764865533909,7.441046229100187,doc,leverage,era,0.0021952673338484717
301,stream,DTR,0.044488453170611016,8.620387918387657,no3,leverage,era,0.0021755377067612307
302,stream,DTR,0.16057418753935007,8.798874681597974,tn,leverage,era,0.0013400901727223706
303,stream,DTR,0.07480883250393999,10.688852232074632,tp,leverage,era,6.973469405868483e-05
304,lake,MLP,0.10096029491284643,2.3455509843152966,doc,leverage,era,
305,lake,MLP,0.16499519685748898,3.28126037747711,no3,leverage,era,
306,lake,MLP,0.23774500444157476,2.417766318898051,tn,leverage,era,
307,lake,MLP,0.7894979365942154,2.7952037208025686,tp,leverage,era,
308,lake,GBR,0.07273398172943403,0.911907409243538,doc,leverage,era,0.0033120992788254738
309,lake,GBR,0.3413360669825719,1.5824595874906129,no3,leverage,era,0.004474831240176441
310,lake,GBR,0.4242830364206906,1.928129986083449,tn,leverage,era,0.005368510253581507
311,lake,GBR,0.9145469034696276,4.594181149121052,tp,leverage,era,0.006539690784512862
312,lake,RFR,0.30510342971992344,6.4246317671914825,doc,leverage,era,0.018467774387380426
313,lake,RFR,0.5804064271241041,13.403264621582432,no3,leverage,era,0.005935216408753839
314,lake,RFR,0.5185615031152988,9.660285089441627,tn,leverage,era,0.002838888699984161
315,lake,RFR,0.9637725050867276,36.388539369550216,tp,leverage,era,0.003305335610186955
316,lake,DTR,0.3049620078308919,5.870332921037273,doc,leverage,era,0.02430598586277247
317,lake,DTR,0.5326869074304269,13.655781696913193,no3,leverage,era,6.353624636875588e-05
318,lake,DTR,0.5659804654319438,10.281163270023512,tn,leverage,era,0.00954302349670685
319,lake,DTR,0.8673048927183769,27.93950027251591,tp,leverage,era,0.000397867403228516
320,lake,MLP,0.7147694747487117,3.887586157812286,doc,non_leverage,forest,
321,lake,MLP,0.2372306244078595,1.7118218560127256,no3,non_leverage,forest,
322,lake,MLP,0.5361912065904051,3.1008118541899727,tn,non_leverage,forest,
323,lake,MLP,0.40038754349503575,2.438421841572056,tp,non_leverage,forest,
324,lake,GBR,0.6029348400792531,2.8001167399317612,doc,non_leverage,forest,0.11150463061120514
325,lake,GBR,0.2284537610601424,0.8561190998661943,no3,non_leverage,forest,0.1808179936207608
326,lake,GBR,0.6521096056757774,2.8154485233275985,tn,non_leverage,forest,0.2502719159960945
327,lake,GBR,0.8180891944212478,2.732244090322317,tp,non_leverage,forest,0.058261600458185465
328,lake,RFR,0.8726545267115204,9.397501601728598,doc,non_leverage,forest,0.10054745253349733
329,lake,RFR,0.5637174479545304,4.506543837988065,no3,non_leverage,forest,0.17124304122972686
330,lake,RFR,0.777126487736277,6.7161860494785675,tn,non_leverage,forest,0.2518137639216903
331,lake,RFR,0.8963707622532084,8.14190974943429,tp,non_leverage,forest,0.05297155127471538
332,lake,DTR,0.8225115684387735,8.97228661630467,doc,non_leverage,forest,0.1557030556114759
333,lake,DTR,0.2606430949512032,3.831092392042881,no3,non_leverage,forest,0.2711381784274069
334,lake,DTR,0.4928275306015714,5.307827677707337,tn,non_leverage,forest,0.34053395469833697
335,lake,DTR,0.8699218033530913,9.226290643742592,tp,non_leverage,forest,0.10510828861683948
336,stream,MLP,8.425742462769836e-05,0.09487907750925313,doc,non_leverage,forest,
337,stream,MLP,0.0006129085632139429,0.00933183662118866,no3,non_leverage,forest,
338,stream,MLP,0.0002562353216516433,0.019938867100255445,tn,non_leverage,forest,
339,stream,MLP,0.03321893428704037,3.429381249638098,tp,non_leverage,forest,
340,stream,GBR,0.4127291070205592,1.5987124204652117,doc,non_leverage,forest,0.02917162850983225
341,stream,GBR,0.18651988757330207,1.3100906606295757,no3,non_leverage,forest,0.15552007501453255
342,stream,GBR,0.4437162000309931,1.5013139413579482,tn,non_leverage,forest,0.1348810865369102
343,stream,GBR,0.057297518316711475,0.8470468816174279,tp,non_leverage,forest,0.14532666073976924
344,stream,RFR,0.5812215222602932,4.23532627030197,doc,non_leverage,forest,0.05721335525446738
345,stream,RFR,0.275375878462002,4.108131064644389,no3,non_leverage,forest,0.16895314742094486
346,stream,RFR,0.584564734648005,4.7203594538043685,tn,non_leverage,forest,0.11624605794867154
347,stream,RFR,0.14563853768607815,5.015574939088227,tp,non_leverage,forest,0.03971645892138055
348,stream,DTR,0.4517594855422482,3.7724312111766762,doc,non_leverage,forest,0.025112633394640087
349,stream,DTR,0.2112925304375587,3.8508357963462965,no3,non_leverage,forest,0.12993494076822976
350,stream,DTR,0.3906270363751203,3.7822183399794604,tn,non_leverage,forest,0.17980862855326704
351,stream,DTR,0.04674454412130991,4.1295333107047085,tp,non_leverage,forest,0.012495231927621324
352,stream,MLP,0.1383251326493703,2.997553253265397,doc,leverage,forest,
353,stream,MLP,0.09843985156830648,4.722925446279176,no3,leverage,forest,
354,stream,MLP,0.11828771204346088,2.3701573793799917,tn,leverage,forest,
355,stream,MLP,0.002184678320796052,5.1000423474085945,tp,leverage,forest,
356,stream,GBR,0.1591870762007922,1.4926771357072772,doc,leverage,forest,0.329214094344944
357,stream,GBR,0.039194489017014944,1.8068184487084236,no3,leverage,forest,0.05130666122651116
358,stream,GBR,0.09560134696752408,1.4393826199268798,tn,leverage,forest,0.08106435217602738
359,stream,GBR,0.033148970773321566,1.3115957929869753,tp,leverage,forest,0.13286692271411793
360,stream,RFR,0.21259753163307185,5.207999011285195,doc,leverage,forest,0.07135312135617175
361,stream,RFR,0.1123693461491584,10.08860479436984,no3,leverage,forest,0.10903773159558956
362,stream,RFR,0.43452627197965704,10.3699048325758,tn,leverage,forest,0.042344412591706036
363,stream,RFR,0.10819624961127716,9.131071267406751,tp,leverage,forest,0.08447335948705008
364,stream,DTR,0.4596764865533909,7.441046229100187,doc,leverage,forest,0.4913553095008366
365,stream,DTR,0.044488453170611016,8.620387918387657,no3,leverage,forest,0.09604688592811456
366,stream,DTR,0.16057418753935007,8.798874681597974,tn,leverage,forest,0.012739655518057896
367,stream,DTR,0.07480883250393999,10.688852232074632,tp,leverage,forest,0.14326414741394558
368,lake,MLP,0.10096029491284643,2.3455509843152966,doc,leverage,forest,
369,lake,MLP,0.16499519685748898,3.28126037747711,no3,leverage,forest,
370,lake,MLP,0.23774500444157476,2.417766318898051,tn,leverage,forest,
371,lake,MLP,0.7894979365942154,2.7952037208025686,tp,leverage,forest,
372,lake,GBR,0.07273398172943403,0.911907409243538,doc,leverage,forest,0.07091139372926211
373,lake,GBR,0.3413360669825719,1.5824595874906129,no3,leverage,forest,0.27503943015712107
374,lake,GBR,0.4242830364206906,1.928129986083449,tn,leverage,forest,0.2981221763368073
375,lake,GBR,0.9145469034696276,4.594181149121052,tp,leverage,forest,0.4974589542495136
376,lake,RFR,0.30510342971992344,6.4246317671914825,doc,leverage,forest,0.13615312034156835
377,lake,RFR,0.5804064271241041,13.403264621582432,no3,leverage,forest,0.20944038313857635
378,lake,RFR,0.5185615031152988,9.660285089441627,tn,leverage,forest,0.2446716756143324
379,lake,RFR,0.9637725050867276,36.388539369550216,tp,leverage,forest,0.283524188367825
380,lake,DTR,0.3049620078308919,5.870332921037273,doc,leverage,forest,0.16913389170678936
381,lake,DTR,0.5326869074304269,13.655781696913193,no3,leverage,forest,0.4907969602216558
382,lake,DTR,0.5659804654319438,10.281163270023512,tn,leverage,forest,0.4083242879564752
383,lake,DTR,0.8673048927183769,27.93950027251591,tp,leverage,forest,0.5642082202307044
384,lake,MLP,0.7147694747487117,3.887586157812286,doc,non_leverage,precip,
385,lake,MLP,0.2372306244078595,1.7118218560127256,no3,non_leverage,precip,
386,lake,MLP,0.5361912065904051,3.1008118541899727,tn,non_leverage,precip,
387,lake,MLP,0.40038754349503575,2.438421841572056,tp,non_leverage,precip,
388,lake,GBR,0.6029348400792531,2.8001167399317612,doc,non_leverage,precip,0.2500317368417338
389,lake,GBR,0.2284537610601424,0.8561190998661943,no3,non_leverage,precip,0.047906710331706605
390,lake,GBR,0.6521096056757774,2.8154485233275985,tn,non_leverage,precip,0.11770043415361413
391,lake,GBR,0.8180891944212478,2.732244090322317,tp,non_leverage,precip,0.5471471471049649
392,lake,RFR,0.8726545267115204,9.397501601728598,doc,non_leverage,precip,0.19884141118242485
393,lake,RFR,0.5637174479545304,4.506543837988065,no3,non_leverage,precip,0.05025888844165953
394,lake,RFR,0.777126487736277,6.7161860494785675,tn,non_leverage,precip,0.06408144252775702
395,lake,RFR,0.8963707622532084,8.14190974943429,tp,non_leverage,precip,0.5322539912226932
396,lake,DTR,0.8225115684387735,8.97228661630467,doc,non_leverage,precip,0.3648965496026185
397,lake,DTR,0.2606430949512032,3.831092392042881,no3,non_leverage,precip,0.0929235938834754
398,lake,DTR,0.4928275306015714,5.307827677707337,tn,non_leverage,precip,0.053222269531863514
399,lake,DTR,0.8699218033530913,9.226290643742592,tp,non_leverage,precip,0.4043675743653973
400,stream,MLP,8.425742462769836e-05,0.09487907750925313,doc,non_leverage,precip,
401,stream,MLP,0.0006129085632139429,0.00933183662118866,no3,non_leverage,precip,
402,stream,MLP,0.0002562353216516433,0.019938867100255445,tn,non_leverage,precip,
403,stream,MLP,0.03321893428704037,3.429381249638098,tp,non_leverage,precip,
404,stream,GBR,0.4127291070205592,1.5987124204652117,doc,non_leverage,precip,0.1283529951600419
405,stream,GBR,0.18651988757330207,1.3100906606295757,no3,non_leverage,precip,0.0699844582096612
406,stream,GBR,0.4437162000309931,1.5013139413579482,tn,non_leverage,precip,0.08907121726919949
407,stream,GBR,0.057297518316711475,0.8470468816174279,tp,non_leverage,precip,0.12704459361890855
408,stream,RFR,0.5812215222602932,4.23532627030197,doc,non_leverage,precip,0.0833272238971177
409,stream,RFR,0.275375878462002,4.108131064644389,no3,non_leverage,precip,0.0610952864035969
410,stream,RFR,0.584564734648005,4.7203594538043685,tn,non_leverage,precip,0.1243079389884918
411,stream,RFR,0.14563853768607815,5.015574939088227,tp,non_leverage,precip,0.0995067758531756
412,stream,DTR,0.4517594855422482,3.7724312111766762,doc,non_leverage,precip,0.20176226958636626
413,stream,DTR,0.2112925304375587,3.8508357963462965,no3,non_leverage,precip,0.030050553980528562
414,stream,DTR,0.3906270363751203,3.7822183399794604,tn,non_leverage,precip,0.11909784584385713
415,stream,DTR,0.04674454412130991,4.1295333107047085,tp,non_leverage,precip,0.20896466579938186
416,stream,MLP,0.1383251326493703,2.997553253265397,doc,leverage,precip,
417,stream,MLP,0.09843985156830648,4.722925446279176,no3,leverage,precip,
418,stream,MLP,0.11828771204346088,2.3701573793799917,tn,leverage,precip,
419,stream,MLP,0.002184678320796052,5.1000423474085945,tp,leverage,precip,
420,stream,GBR,0.1591870762007922,1.4926771357072772,doc,leverage,precip,0.08318318461017146
421,stream,GBR,0.039194489017014944,1.8068184487084236,no3,leverage,precip,0.023671663082360617
422,stream,GBR,0.09560134696752408,1.4393826199268798,tn,leverage,precip,0.03877190607131116
423,stream,GBR,0.033148970773321566,1.3115957929869753,tp,leverage,precip,0.12042625282478432
424,stream,RFR,0.21259753163307185,5.207999011285195,doc,leverage,precip,0.2215709030055545
425,stream,RFR,0.1123693461491584,10.08860479436984,no3,leverage,precip,0.07107644826373971
426,stream,RFR,0.43452627197965704,10.3699048325758,tn,leverage,precip,0.15226177473616573
427,stream,RFR,0.10819624961127716,9.131071267406751,tp,leverage,precip,0.3101215368729799
428,stream,DTR,0.4596764865533909,7.441046229100187,doc,leverage,precip,0.13324414370975304
429,stream,DTR,0.044488453170611016,8.620387918387657,no3,leverage,precip,0.0028561149254513764
430,stream,DTR,0.16057418753935007,8.798874681597974,tn,leverage,precip,0.019149785605777233
431,stream,DTR,0.07480883250393999,10.688852232074632,tp,leverage,precip,0.12277232798189452
432,lake,MLP,0.10096029491284643,2.3455509843152966,doc,leverage,precip,
433,lake,MLP,0.16499519685748898,3.28126037747711,no3,leverage,precip,
434,lake,MLP,0.23774500444157476,2.417766318898051,tn,leverage,precip,
435,lake,MLP,0.7894979365942154,2.7952037208025686,tp,leverage,precip,
436,lake,GBR,0.07273398172943403,0.911907409243538,doc,leverage,precip,0.09951135262657113
437,lake,GBR,0.3413360669825719,1.5824595874906129,no3,leverage,precip,0.06457565627347651
438,lake,GBR,0.4242830364206906,1.928129986083449,tn,leverage,precip,0.20563209920680736
439,lake,GBR,0.9145469034696276,4.594181149121052,tp,leverage,precip,0.1647889957338174
440,lake,RFR,0.30510342971992344,6.4246317671914825,doc,leverage,precip,0.09135986732451823
441,lake,RFR,0.5804064271241041,13.403264621582432,no3,leverage,precip,0.10544975135905986
442,lake,RFR,0.5185615031152988,9.660285089441627,tn,leverage,precip,0.15427883804773626
443,lake,RFR,0.9637725050867276,36.388539369550216,tp,leverage,precip,0.2471533775081093
444,lake,DTR,0.3049620078308919,5.870332921037273,doc,leverage,precip,0.0420268391200811
445,lake,DTR,0.5326869074304269,13.655781696913193,no3,leverage,precip,0.028812292315392476
446,lake,DTR,0.5659804654319438,10.281163270023512,tn,leverage,precip,0.2591970747177087
447,lake,DTR,0.8673048927183769,27.93950027251591,tp,leverage,precip,0.15624095754150902
448,lake,MLP,0.7147694747487117,3.887586157812286,doc,non_leverage,temp,
449,lake,MLP,0.2372306244078595,1.7118218560127256,no3,non_leverage,temp,
450,lake,MLP,0.5361912065904051,3.1008118541899727,tn,non_leverage,temp,
451,lake,MLP,0.40038754349503575,2.438421841572056,tp,non_leverage,temp,
452,lake,GBR,0.6029348400792531,2.8001167399317612,doc,non_leverage,temp,0.018929658891986664
453,lake,GBR,0.2284537610601424,0.8561190998661943,no3,non_leverage,temp,0.02596807507736314
454,lake,GBR,0.6521096056757774,2.8154485233275985,tn,non_leverage,temp,0.11336294362152882
455,lake,GBR,0.8180891944212478,2.732244090322317,tp,non_leverage,temp,0.10475133250193908
456,lake,RFR,0.8726545267115204,9.397501601728598,doc,non_leverage,temp,0.03266826541062914
457,lake,RFR,0.5637174479545304,4.506543837988065,no3,non_leverage,temp,0.047657274585228775
458,lake,RFR,0.777126487736277,6.7161860494785675,tn,non_leverage,temp,0.1997849952877942
459,lake,RFR,0.8963707622532084,8.14190974943429,tp,non_leverage,temp,0.061750644707447226
460,lake,DTR,0.8225115684387735,8.97228661630467,doc,non_leverage,temp,0.005359831079054034
461,lake,DTR,0.2606430949512032,3.831092392042881,no3,non_leverage,temp,0.044367399250918815
462,lake,DTR,0.4928275306015714,5.307827677707337,tn,non_leverage,temp,0.11940164207437187
463,lake,DTR,0.8699218033530913,9.226290643742592,tp,non_leverage,temp,0.11387306491736507
464,stream,MLP,8.425742462769836e-05,0.09487907750925313,doc,non_leverage,temp,
465,stream,MLP,0.0006129085632139429,0.00933183662118866,no3,non_leverage,temp,
466,stream,MLP,0.0002562353216516433,0.019938867100255445,tn,non_leverage,temp,
467,stream,MLP,0.03321893428704037,3.429381249638098,tp,non_leverage,temp,
468,stream,GBR,0.4127291070205592,1.5987124204652117,doc,non_leverage,temp,0.1421104051401701
469,stream,GBR,0.18651988757330207,1.3100906606295757,no3,non_leverage,temp,0.059566800904207115
470,stream,GBR,0.4437162000309931,1.5013139413579482,tn,non_leverage,temp,0.12199586196084902
471,stream,GBR,0.057297518316711475,0.8470468816174279,tp,non_leverage,temp,0.026735295528096618
472,stream,RFR,0.5812215222602932,4.23532627030197,doc,non_leverage,temp,0.15086185829095392
473,stream,RFR,0.275375878462002,4.108131064644389,no3,non_leverage,temp,0.09190805094830216
474,stream,RFR,0.584564734648005,4.7203594538043685,tn,non_leverage,temp,0.09516635987822293
475,stream,RFR,0.14563853768607815,5.015574939088227,tp,non_leverage,temp,0.07664833749322265
476,stream,DTR,0.4517594855422482,3.7724312111766762,doc,non_leverage,temp,0.25825862253998394
477,stream,DTR,0.2112925304375587,3.8508357963462965,no3,non_leverage,temp,0.06814984399089542
478,stream,DTR,0.3906270363751203,3.7822183399794604,tn,non_leverage,temp,0.06905746919418082
479,stream,DTR,0.04674454412130991,4.1295333107047085,tp,non_leverage,temp,0.24430975421416085
480,stream,MLP,0.1383251326493703,2.997553253265397,doc,leverage,temp,
481,stream,MLP,0.09843985156830648,4.722925446279176,no3,leverage,temp,
482,stream,MLP,0.11828771204346088,2.3701573793799917,tn,leverage,temp,
483,stream,MLP,0.002184678320796052,5.1000423474085945,tp,leverage,temp,
484,stream,GBR,0.1591870762007922,1.4926771357072772,doc,leverage,temp,0.02425271373004088
485,stream,GBR,0.039194489017014944,1.8068184487084236,no3,leverage,temp,0.1454660434747917
486,stream,GBR,0.09560134696752408,1.4393826199268798,tn,leverage,temp,0.02383305803674823
487,stream,GBR,0.033148970773321566,1.3115957929869753,tp,leverage,temp,0.06773574348776651
488,stream,RFR,0.21259753163307185,5.207999011285195,doc,leverage,temp,0.06788901790430175
489,stream,RFR,0.1123693461491584,10.08860479436984,no3,leverage,temp,0.07362290878821212
490,stream,RFR,0.43452627197965704,10.3699048325758,tn,leverage,temp,0.052794004642165424
491,stream,RFR,0.10819624961127716,9.131071267406751,tp,leverage,temp,0.06276878211266965
492,stream,DTR,0.4596764865533909,7.441046229100187,doc,leverage,temp,0.032809213320370116
493,stream,DTR,0.044488453170611016,8.620387918387657,no3,leverage,temp,0.1930353639008568
494,stream,DTR,0.16057418753935007,8.798874681597974,tn,leverage,temp,0.038258526526609035
495,stream,DTR,0.07480883250393999,10.688852232074632,tp,leverage,temp,0.035550242168048085
496,lake,MLP,0.10096029491284643,2.3455509843152966,doc,leverage,temp,
497,lake,MLP,0.16499519685748898,3.28126037747711,no3,leverage,temp,
498,lake,MLP,0.23774500444157476,2.417766318898051,tn,leverage,temp,
499,lake,MLP,0.7894979365942154,2.7952037208025686,tp,leverage,temp,
500,lake,GBR,0.07273398172943403,0.911907409243538,doc,leverage,temp,0.05513003354654568
501,lake,GBR,0.3413360669825719,1.5824595874906129,no3,leverage,temp,0.22140847059071367
502,lake,GBR,0.4242830364206906,1.928129986083449,tn,leverage,temp,0.0949645369329461
503,lake,GBR,0.9145469034696276,4.594181149121052,tp,leverage,temp,0.03138065822643893
504,lake,RFR,0.30510342971992344,6.4246317671914825,doc,leverage,temp,0.04154042198175167
505,lake,RFR,0.5804064271241041,13.403264621582432,no3,leverage,temp,0.1480867670436473
506,lake,RFR,0.5185615031152988,9.660285089441627,tn,leverage,temp,0.0942962234778882
507,lake,RFR,0.9637725050867276,36.388539369550216,tp,leverage,temp,0.01914103812795821
508,lake,DTR,0.3049620078308919,5.870332921037273,doc,leverage,temp,0.02827671032766705
509,lake,DTR,0.5326869074304269,13.655781696913193,no3,leverage,temp,0.17266976153823038
510,lake,DTR,0.5659804654319438,10.281163270023512,tn,leverage,temp,0.03447532898248842
511,lake,DTR,0.8673048927183769,27.93950027251591,tp,leverage,temp,0.022122698283980242
512,lake,MLP,0.7147694747487117,3.887586157812286,doc,non_leverage,urban,
513,lake,MLP,0.2372306244078595,1.7118218560127256,no3,non_leverage,urban,
514,lake,MLP,0.5361912065904051,3.1008118541899727,tn,non_leverage,urban,
515,lake,MLP,0.40038754349503575,2.438421841572056,tp,non_leverage,urban,
516,lake,GBR,0.6029348400792531,2.8001167399317612,doc,non_leverage,urban,0.19050370134647973
517,lake,GBR,0.2284537610601424,0.8561190998661943,no3,non_leverage,urban,0.12617304487876935
518,lake,GBR,0.6521096056757774,2.8154485233275985,tn,non_leverage,urban,0.13079806945411634
519,lake,GBR,0.8180891944212478,2.732244090322317,tp,non_leverage,urban,0.033047362979499305
520,lake,RFR,0.8726545267115204,9.397501601728598,doc,non_leverage,urban,0.1530431760282581
521,lake,RFR,0.5637174479545304,4.506543837988065,no3,non_leverage,urban,0.1333474397462155
522,lake,RFR,0.777126487736277,6.7161860494785675,tn,non_leverage,urban,0.1606550004169822
523,lake,RFR,0.8963707622532084,8.14190974943429,tp,non_leverage,urban,0.044128984362667566
524,lake,DTR,0.8225115684387735,8.97228661630467,doc,non_leverage,urban,0.16884444381509442
525,lake,DTR,0.2606430949512032,3.831092392042881,no3,non_leverage,urban,0.18149503304641032
526,lake,DTR,0.4928275306015714,5.307827677707337,tn,non_leverage,urban,0.1802890419007986
527,lake,DTR,0.8699218033530913,9.226290643742592,tp,non_leverage,urban,0.01928789590115257
528,stream,MLP,8.425742462769836e-05,0.09487907750925313,doc,non_leverage,urban,
529,stream,MLP,0.0006129085632139429,0.00933183662118866,no3,non_leverage,urban,
530,stream,MLP,0.0002562353216516433,0.019938867100255445,tn,non_leverage,urban,
531,stream,MLP,0.03321893428704037,3.429381249638098,tp,non_leverage,urban,
532,stream,GBR,0.4127291070205592,1.5987124204652117,doc,non_leverage,urban,0.05315806079964234
533,stream,GBR,0.18651988757330207,1.3100906606295757,no3,non_leverage,urban,0.31742616759242953
534,stream,GBR,0.4437162000309931,1.5013139413579482,tn,non_leverage,urban,0.11986770518217525
535,stream,GBR,0.057297518316711475,0.8470468816174279,tp,non_leverage,urban,0.10446593854768076
536,stream,RFR,0.5812215222602932,4.23532627030197,doc,non_leverage,urban,0.049351727914574615
537,stream,RFR,0.275375878462002,4.108131064644389,no3,non_leverage,urban,0.228363635218064
538,stream,RFR,0.584564734648005,4.7203594538043685,tn,non_leverage,urban,0.06000918890434372
539,stream,RFR,0.14563853768607815,5.015574939088227,tp,non_leverage,urban,0.1913593772580232
540,stream,DTR,0.4517594855422482,3.7724312111766762,doc,non_leverage,urban,0.02857344561547766
541,stream,DTR,0.2112925304375587,3.8508357963462965,no3,non_leverage,urban,0.460061653886665
542,stream,DTR,0.3906270363751203,3.7822183399794604,tn,non_leverage,urban,0.06586193045213064
543,stream,DTR,0.04674454412130991,4.1295333107047085,tp,non_leverage,urban,0.06761631198121014
544,stream,MLP,0.1383251326493703,2.997553253265397,doc,leverage,urban,
545,stream,MLP,0.09843985156830648,4.722925446279176,no3,leverage,urban,
546,stream,MLP,0.11828771204346088,2.3701573793799917,tn,leverage,urban,
547,stream,MLP,0.002184678320796052,5.1000423474085945,tp,leverage,urban,
548,stream,GBR,0.1591870762007922,1.4926771357072772,doc,leverage,urban,0.06861349561460504
549,stream,GBR,0.039194489017014944,1.8068184487084236,no3,leverage,urban,0.009208310634982704
550,stream,GBR,0.09560134696752408,1.4393826199268798,tn,leverage,urban,0.24696191929428102
551,stream,GBR,0.033148970773321566,1.3115957929869753,tp,leverage,urban,0.23477109214069994
552,stream,RFR,0.21259753163307185,5.207999011285195,doc,leverage,urban,0.039942655682782234
553,stream,RFR,0.1123693461491584,10.08860479436984,no3,leverage,urban,0.07880730788500405
554,stream,RFR,0.43452627197965704,10.3699048325758,tn,leverage,urban,0.24413238765879655
555,stream,RFR,0.10819624961127716,9.131071267406751,tp,leverage,urban,0.2126254834310843
556,stream,DTR,0.4596764865533909,7.441046229100187,doc,leverage,urban,0.01865018095987829
557,stream,DTR,0.044488453170611016,8.620387918387657,no3,leverage,urban,0.003958621187524142
558,stream,DTR,0.16057418753935007,8.798874681597974,tn,leverage,urban,0.27755148501913696
559,stream,DTR,0.07480883250393999,10.688852232074632,tp,leverage,urban,0.3476241301798431
560,lake,MLP,0.10096029491284643,2.3455509843152966,doc,leverage,urban,
561,lake,MLP,0.16499519685748898,3.28126037747711,no3,leverage,urban,
562,lake,MLP,0.23774500444157476,2.417766318898051,tn,leverage,urban,
563,lake,MLP,0.7894979365942154,2.7952037208025686,tp,leverage,urban,
564,lake,GBR,0.07273398172943403,0.911907409243538,doc,leverage,urban,0.10796097662331784
565,lake,GBR,0.3413360669825719,1.5824595874906129,no3,leverage,urban,0.1883136955189931
566,lake,GBR,0.4242830364206906,1.928129986083449,tn,leverage,urban,0.1158542020293616
567,lake,GBR,0.9145469034696276,4.594181149121052,tp,leverage,urban,0.1982777583799004
568,lake,RFR,0.30510342971992344,6.4246317671914825,doc,leverage,urban,0.05644293108988911
569,lake,RFR,0.5804064271241041,13.403264621582432,no3,leverage,urban,0.258191552766713
570,lake,RFR,0.5185615031152988,9.660285089441627,tn,leverage,urban,0.14411760154807854
571,lake,RFR,0.9637725050867276,36.388539369550216,tp,leverage,urban,0.3189879333008895
572,lake,DTR,0.3049620078308919,5.870332921037273,doc,leverage,urban,0.07195688105390807
573,lake,DTR,0.5326869074304269,13.655781696913193,no3,leverage,urban,0.21907164463204634
574,lake,DTR,0.5659804654319438,10.281163270023512,tn,leverage,urban,0.09450693805239256
575,lake,DTR,0.8673048927183769,27.93950027251591,tp,leverage,urban,0.1650525674110913
576,lake,MLP,0.7147694747487117,3.887586157812286,doc,non_leverage,wetland,
577,lake,MLP,0.2372306244078595,1.7118218560127256,no3,non_leverage,wetland,
578,lake,MLP,0.5361912065904051,3.1008118541899727,tn,non_leverage,wetland,
579,lake,MLP,0.40038754349503575,2.438421841572056,tp,non_leverage,wetland,
580,lake,GBR,0.6029348400792531,2.8001167399317612,doc,non_leverage,wetland,0.07109280807021967
581,lake,GBR,0.2284537610601424,0.8561190998661943,no3,non_leverage,wetland,0.07033365359049237
582,lake,GBR,0.6521096056757774,2.8154485233275985,tn,non_leverage,wetland,0.03194105232508217
583,lake,GBR,0.8180891944212478,2.732244090322317,tp,non_leverage,wetland,0.04571086370672076
584,lake,RFR,0.8726545267115204,9.397501601728598,doc,non_leverage,wetland,0.11602914426370005
585,lake,RFR,0.5637174479545304,4.506543837988065,no3,non_leverage,wetland,0.058428403622989664
586,lake,RFR,0.777126487736277,6.7161860494785675,tn,non_leverage,wetland,0.08087180664301566
587,lake,RFR,0.8963707622532084,8.14190974943429,tp,non_leverage,wetland,0.0455317808822517
588,lake,DTR,0.8225115684387735,8.97228661630467,doc,non_leverage,wetland,0.2587264977400145
589,lake,DTR,0.2606430949512032,3.831092392042881,no3,non_leverage,wetland,0.010585513390202271
590,lake,DTR,0.4928275306015714,5.307827677707337,tn,non_leverage,wetland,0.01946768816221517
591,lake,DTR,0.8699218033530913,9.226290643742592,tp,non_leverage,wetland,0.0451892171025585
592,stream,MLP,8.425742462769836e-05,0.09487907750925313,doc,non_leverage,wetland,
593,stream,MLP,0.0006129085632139429,0.00933183662118866,no3,non_leverage,wetland,
594,stream,MLP,0.0002562353216516433,0.019938867100255445,tn,non_leverage,wetland,
595,stream,MLP,0.03321893428704037,3.429381249638098,tp,non_leverage,wetland,
596,stream,GBR,0.4127291070205592,1.5987124204652117,doc,non_leverage,wetland,0.4873062239579496
597,stream,GBR,0.18651988757330207,1.3100906606295757,no3,non_leverage,wetland,0.12351125751328497
598,stream,GBR,0.4437162000309931,1.5013139413579482,tn,non_leverage,wetland,0.10133204697006527
599,stream,GBR,0.057297518316711475,0.8470468816174279,tp,non_leverage,wetland,0.019625443470821645
600,stream,RFR,0.5812215222602932,4.23532627030197,doc,non_leverage,wetland,0.3872740664917881
601,stream,RFR,0.275375878462002,4.108131064644389,no3,non_leverage,wetland,0.1360586624736224
602,stream,RFR,0.584564734648005,4.7203594538043685,tn,non_leverage,wetland,0.041413991848704035
603,stream,RFR,0.14563853768607815,5.015574939088227,tp,non_leverage,wetland,0.044126785843049514
604,stream,DTR,0.4517594855422482,3.7724312111766762,doc,non_leverage,wetland,0.34071975169252977
605,stream,DTR,0.2112925304375587,3.8508357963462965,no3,non_leverage,wetland,0.025292940415066592
606,stream,DTR,0.3906270363751203,3.7822183399794604,tn,non_leverage,wetland,0.01680578794301719
607,stream,DTR,0.04674454412130991,4.1295333107047085,tp,non_leverage,wetland,0.056867540991925924
608,stream,MLP,0.1383251326493703,2.997553253265397,doc,leverage,wetland,
609,stream,MLP,0.09843985156830648,4.722925446279176,no3,leverage,wetland,
610,stream,MLP,0.11828771204346088,2.3701573793799917,tn,leverage,wetland,
611,stream,MLP,0.002184678320796052,5.1000423474085945,tp,leverage,wetland,
612,stream,GBR,0.1591870762007922,1.4926771357072772,doc,leverage,wetland,0.4000159088795336
613,stream,GBR,0.039194489017014944,1.8068184487084236,no3,leverage,wetland,0.13036387986085754
614,stream,GBR,0.09560134696752408,1.4393826199268798,tn,leverage,wetland,0.1800286870591324
615,stream,GBR,0.033148970773321566,1.3115957929869753,tp,leverage,wetland,0.21046083650852876
616,stream,RFR,0.21259753163307185,5.207999011285195,doc,leverage,wetland,0.4036255350396953
617,stream,RFR,0.1123693461491584,10.08860479436984,no3,leverage,wetland,0.15972760058685034
618,stream,RFR,0.43452627197965704,10.3699048325758,tn,leverage,wetland,0.11334645492323678
619,stream,RFR,0.10819624961127716,9.131071267406751,tp,leverage,wetland,0.14871372525551887
620,stream,DTR,0.4596764865533909,7.441046229100187,doc,leverage,wetland,0.2599153442381065
621,stream,DTR,0.044488453170611016,8.620387918387657,no3,leverage,wetland,0.02407657327624208
622,stream,DTR,0.16057418753935007,8.798874681597974,tn,leverage,wetland,0.10825783509631272
623,stream,DTR,0.07480883250393999,10.688852232074632,tp,leverage,wetland,0.1158613346709009
624,lake,MLP,0.10096029491284643,2.3455509843152966,doc,leverage,wetland,
625,lake,MLP,0.16499519685748898,3.28126037747711,no3,leverage,wetland,
626,lake,MLP,0.23774500444157476,2.417766318898051,tn,leverage,wetland,
627,lake,MLP,0.7894979365942154,2.7952037208025686,tp,leverage,wetland,
628,lake,GBR,0.07273398172943403,0.911907409243538,doc,leverage,wetland,0.38707914576231217
629,lake,GBR,0.3413360669825719,1.5824595874906129,no3,leverage,wetland,0.03368825965209184
630,lake,GBR,0.4242830364206906,1.928129986083449,tn,leverage,wetland,0.05101296983571167
631,lake,GBR,0.9145469034696276,4.594181149121052,tp,leverage,wetland,0.031563961101921355
632,lake,RFR,0.30510342971992344,6.4246317671914825,doc,leverage,wetland,0.2711684943728737
633,lake,RFR,0.5804064271241041,13.403264621582432,no3,leverage,wetland,0.05710547172462431
634,lake,RFR,0.5185615031152988,9.660285089441627,tn,leverage,wetland,0.06805254168801105
635,lake,RFR,0.9637725050867276,36.388539369550216,tp,leverage,wetland,0.02472329465721074
636,lake,DTR,0.3049620078308919,5.870332921037273,doc,leverage,wetland,0.34316588749565863
637,lake,DTR,0.5326869074304269,13.655781696913193,no3,leverage,wetland,0.0009579737187006641
638,lake,DTR,0.5659804654319438,10.281163270023512,tn,leverage,wetland,0.05483951397660846
639,lake,DTR,0.8673048927183769,27.93950027251591,tp,leverage,wetland,0.00481095598075247
